annualized_return,annualized_volatility,sharpe_ratio,max_drawdown,win_rate,information_ratio,sortino_ratio,calmar_ratio,avg_monthly_return,worst_month
0.1658951159639508,0.16799155520671033,0.8684669642139434,-0.19983934522078106,0.5545851528384279,-0.03028435507251526,1.0873904341866112,0.8301424115489924,0.013287845434116074,-0.09753411320396121
