annualized_return,annualized_volatility,sharpe_ratio,max_drawdown,win_rate,information_ratio,sortino_ratio,calmar_ratio,avg_monthly_return,worst_month
0.3184424804869599,0.22123746762638938,1.3489689774923161,-0.2302484777031955,0.5606060606060606,1.4842138994960663,1.9898639449627396,1.3830383751655109,0.02389967684915876,-0.08926886479810048
