,low_vol,high_vol,transition
momentum,0.2573547416907758,0.10641981045881922,0.03351724286457207
value,0.007251459014738185,0.05369082518399754,0.2239059248849268
quality,0.002055386462653077,0.2411787232456172,0.09022624366243782
low_vol,0.27438182947245165,0.23371572648501981,0.04991696784024412
size,0.04067798312606079,0.20126085256005305,0.13516695042686894
growth,0.11884394891414614,0.020510648404039444,0.1724818344998464
dividend,0.15333356820848085,0.14293950984685733,0.28174448313067346
profitability,0.1461010831106935,0.0002839038155964725,0.013040352690430334
