,return,volatility,sharpe,count
Regime 1,-0.14060118834232294,0.1276388930930455,-1.1015544316874346,152
