Regime,Mean_Return,Std_Return,Mean_Volatility,Mean_RSI,Mean_Momentum
Bajista,-0.0037970866865776206,0.012536514127234189,0.1898407407144714,29.916370987179175,-0.03852441488185771
Neutral,0.0020717997144329304,0.009348392993765284,0.17738065414725507,62.253031763537,0.021677447573163342
Alcista,0.0068194220003577385,0.02110297640680892,0.31532654476739036,72.5857508416457,0.0778899787905655
