{
    "avg_sharpe": -0.45032596022009785,
    "std_sharpe": 1.444949606381654,
    "avg_return": -0.0033197610337728,
    "std_return": 0.02840289482328272,
    "avg_drawdown": -0.008401971848697405,
    "avg_win_rate": 0.06896551724137931,
    "avg_trades": 0.9655172413793104,
    "positive_windows": 0.06896551724137931
}