annualized_return,annualized_volatility,sharpe_ratio,max_drawdown,win_rate,information_ratio,sortino_ratio,calmar_ratio,avg_monthly_return,worst_month
0.17342939679134073,0.20706458337609254,0.7409736338766639,-0.17503775744309819,0.5363636363636364,0.38369631731178744,1.0125811443672754,0.9908113502180791,0.013845637216320197,-0.08595944891332263
