annualized_return,annualized_volatility,sharpe_ratio,max_drawdown,win_rate,information_ratio
0.5104422506373869,0.37572616409205867,1.3053183342249783,-0.3015706721715005,0.5359116022099447,1.3606310866679954
