{"last_rebalance_date": "2025-04-20T22:00:42.653405", "portfolio_weights": {"T": 0.01660780836355747, "PLTR": 0.015645488196340308, "KVUE": 0.015111452695076792, "CSCO": 0.01496578021034244, "ZBH": 0.014824135261960657, "WBA": 0.014676371878961035, "KMI": 0.014607357734242491, "JNJ": 0.014544054936030237, "BAC": 0.014496677203930499, "GILD": 0.014364273428417276, "XOM": 0.014326070080040656, "CVS": 0.01428027332393823, "MMC": 0.014235843674509172, "VZ": 0.01416724155791003, "CMCSA": 0.014151434036428368, "AMGN": 0.012942321200595165, "WFC": 0.012325984436788678, "PARA": 0.012360295790628598, "ICE": 0.011889276902426056, "SCHW": 0.010170057414487876, "TFC": 0.009665479312058637, "RF": 0.009331170261757208, "NEE": 0.009605673543716943, "CAG": 0.01022217870356328, "MO": 0.01032925961176514, "DOC": 0.009356884813570871, "FITB": 0.008411024666500561, "BDX": 0.008559482229378653, "YUM": 0.008189379012520237, "PEP": 0.008039993568789159, "ES": 0.007400074457582771, "BSX": 0.006902349319774355, "KEY": 0.0064450104401119115, "CTRA": 0.006722057036905206, "TLT": 0.01376079433480995, "LQD": 0.013362838640545471, "IEF": 0.012957429937995766, "SPLV": 0.012544428645460423, "USMV": 0.012123692567119936, "CASH": 0.5353786005694616}}